{
  "seed": "779678",
  "FadeDistance": 1.3350000381469727,
  "increment": 0.01810000091791153,
  "detail": 0.46203967928886414
}