{
  "seed": "35982",
  "FadeDistance": 1.2000000476837158,
  "increment": 0.019999999552965164,
  "detail": 0.20000000298023224
}